schema_file,ttl_file,duration_s,status,error_msg
r1.sql,,0.96,ERROR,"(Request ID: nydc6cx-2kFHot-951be6787c7e9db4)

Bad request:
{'message': 'The dedicated endpoint for mistralai/Mixtral-8x22B-Instruct-v0.1 is not running. Please visit https://api.together.ai/models to start the endpoint.', 'type': 'invalid_request_error', 'param': None, 'code': 'dedicated_endpoint_not_running'}"
r2.sql,,0.41,ERROR,"(Request ID: nydc6iR-2kFHot-951be67abbeda6b3)

Bad request:
{'message': 'The dedicated endpoint for mistralai/Mixtral-8x22B-Instruct-v0.1 is not running. Please visit https://api.together.ai/models to start the endpoint.', 'type': 'invalid_request_error', 'param': None, 'code': 'dedicated_endpoint_not_running'}"
r3.sql,,0.41,ERROR,"(Request ID: nydc6q5-2kFHot-951be67d49c0f9a7)

Bad request:
{'message': 'The dedicated endpoint for mistralai/Mixtral-8x22B-Instruct-v0.1 is not running. Please visit https://api.together.ai/models to start the endpoint.', 'type': 'invalid_request_error', 'param': None, 'code': 'dedicated_endpoint_not_running'}"
r4.sql,,0.41,ERROR,"(Request ID: nydc6xE-2kFHot-951be67fcdc2083f)

Bad request:
{'message': 'The dedicated endpoint for mistralai/Mixtral-8x22B-Instruct-v0.1 is not running. Please visit https://api.together.ai/models to start the endpoint.', 'type': 'invalid_request_error', 'param': None, 'code': 'dedicated_endpoint_not_running'}"
